<!DOCTYPE etl SYSTEM "http://scriptella.javaforge.com/dtd/etl.dtd">
<etl>
		<properties>
        	<include href="messages.properties"/>
    	</properties>
        <connection id="db1" driver="$mysql_driver" url="$mysql_redmine_url" user="$mysql_redmine_user" password="$mysql_redmine_password" />
        
        <connection id="db2" driver="$mysql_driver" url="$mysql_cresta_url" user="$mysql_cresta_user" password="$mysql_cresta_password">
        </connection>
        
        <connection id="out" driver="$csv_driver" url="$ucl_csv_url">
        </connection>
        
		<query connection-id="db1">
	        <!--Selects all not closed bugs -->
	        SELECT * FROM defect_density_table d;
       
		        <script connection-id="out">
		            $id, $Sevirity, $Priority, $Density, $Leakage, $rejection, $release
		        </script>
	    </query>	    
</etl>