<!DOCTYPE etl SYSTEM "http://scriptella.javaforge.com/dtd/etl.dtd">
<etl>
			<properties>
        	<include href="config.properties"/>
    	</properties>
        <connection id="db1" driver="$mysql_driver" url="$mysql_cresta_url"  user="$mysql_cresta_user" password="$mysql_cresta_password"/>
        <connection id="java" driver="janino"/>
        <connection id="script" driver="script"/>
        <connection id="out" driver="$csv_driver" url="$csv_url"/>
        <connection id="db2" driver="$mysql_driver" url="$mysql_cresta_url" user="$mysql_cresta_user" password="$mysql_cresta_password">
        </connection>
        
             
		<query connection-id="java">
			java.lang.String userId = (java.lang.String) get("userId");
	    	set("userId", userId); 
	    	java.lang.String projectId = (java.lang.String) get("projectId");
	    	set("projectId", projectId);
	    	java.lang.String predictionCode = (java.lang.String) get("predictionCode");
	    	set("predictionCode", predictionCode);  
	    	java.lang.System.out.println("*********1234**************" + projectId);
	    	next();
		<query connection-id="db1">
			select * from UseCaseData_Source;
	            <script connection-id="db2">
	            	insert into usecase1ATelephonica (ID,USER_ID, PRED_CODE2,ACCEPTANCE,  REL_ID, KLOC, TEST_CASE_COUNT,APPLICATION_COMPLEXITY, DOMAIN_KNOWLEDGE,TECHNICAL_SKILLS, REQUIREMENTS_QUERY_COUNT, CODE_REVIEW_COMMENTS, DESIGN_REVIEW_COMMENTS) 
	            	values ($id,$user_id, '$pred_code2', $acceptance, $rel_id, $KLOC, $test_case_count, $application_complexity, $domain_knowledge, $technical_skills, $requirements_query_count, $code_review_comments, $design_review_comments);
	            </script>
        </query>
        </query>
</etl>