<!DOCTYPE etl SYSTEM "http://scriptella.javaforge.com/dtd/etl.dtd">
<etl>
	<properties>
        <include href="config.properties"/>
		
	</properties>
	<connection id="db1" driver="$mysql_driver" url="$mysql_cresta_url"
		user="$mysql_cresta_user" password="$mysql_cresta_password" />
	<connection id="java" driver="janino" />
	<connection id="script" driver="script" />
	<connection id="out" driver="$csv_driver" url="$csv_url" />
	<connection id="db2" driver="$mysql_driver" url="$mysql_cresta_url"
		user="$mysql_cresta_user" password="$mysql_cresta_password">
		
	</connection>
	<connection id="db3" driver="$mysql_driver" url="$mysql_cresta_url"
		user="$mysql_cresta_user" password="$mysql_cresta_password">
	</connection>


	<query connection-id="java">
		java.lang.String userId = (java.lang.String) get("userId");
		set("userId", userId);
		java.lang.String projectId = (java.lang.String) get("projectId");
		set("projectId", projectId);
		java.lang.String predictionCode = (java.lang.String) get("predictionCode");
		set("predictionCode", predictionCode);
		java.lang.System.out.println("***********************" + projectId);
		next();
		<query connection-id="db1">
		select * from usecase2_Source;
			<script connection-id="db2">
				insert into usecase2 (USERID, PRED_CODE, MODULE_NAME, RELEASE_VERSION, DENSITY, LEAKAGE, REJECTION) values ($userId, '$predictionCode', '$module_name', $release_version, $density, $leakage, $rejection);
				
			</script>
				
		</query>
		
	</query>
</etl>