<!DOCTYPE etl SYSTEM "http://scriptella.javaforge.com/dtd/etl.dtd">
<etl>
	<properties>
		<include href="config.properties" />
	</properties>
	<connection id="db1" driver="$mysql_driver" url="$mysql_cresta_url"
		user="$mysql_cresta_user" password="$mysql_cresta_password" />
	<connection id="java" driver="janino" />
	<connection id="script" driver="script" />
	<!-- <connection id="out" driver="$csv_driver" url="$csv_url"/> -->
	<connection id="db2" driver="$mysql_driver" url="$mysql_cresta_url"
		user="$mysql_cresta_user" password="$mysql_cresta_password">
	</connection>


	<query connection-id="java">
		java.lang.String userId = (java.lang.String) get("userId");
		set("userId", userId);
		java.lang.String projectId = (java.lang.String) get("projectId");
		set("projectId", projectId);
		java.lang.String predictionCode = (java.lang.String) get("predictionCode");
		set("predictionCode", predictionCode);
		java.lang.System.out.println("*********1234**************" +
		projectId);
		next();
		<query connection-id="db1">
			select * from UseCaseData_Source;

			<script connection-id="db2">
				insert into usecase1Telephonica (ID, PRED_CODE, DEFECT_COUNT, KLOC,
				TEST_CASE_COUNT,APPLICATION_COMPLEXITY,
				DOMAIN_KNOWLEDGE,TECHNICAL_SKILLS, REQUIREMENTS_QUERY_COUNT,
				CODE_REVIEW_COMMENTS, DESIGN_REVIEW_COMMENTS, EFFORT_TO_FIX_DEFECT,
				COST_TO_FIX_DEFECT, IMPACT_OF_DEFECT_FIX,
				FEASIBILITY_WITHIN_MILESTONE, AVAILABILITY_OF_BUDGET,
				COMPLEXITY_OF_DEFECT_FIX,USER_ID, TPR_NAME, REL_ID, REL_PARENT_ID,
				RF_NAME, GR_GROUP_NAME, BG_SEVERITY, BG_PRIORITY)
				values ($id, '$pred_code', $defect_count, $KLOC, $test_case_count,
				$application_complexity, $domain_knowledge, $technical_skills,
				$requirements_query_count, $code_review_comments,
				$design_review_comments, $effort_to_fix_defect, $cost_to_fix_defect,
				$impact_of_defect_fix, $feasibility_within_milestone,
				$availability_of_budget, $complexity_of_defect_fix, $user_id,
				'$tpr_name', $rel_id, $rel_parent_id, '$rf_name','$gr_group_name',
				'$bg_severity','$bg_priority');
			</script>
		</query>
	</query>

	<!-- <query connection-id="db2"> Selects all not closed bugs SELECT d.RELEASE_VERSION, 
		d.DENSITY FROM defect_density_version d; <script connection-id="out"> $RELEASE_VERSION, 
		$DENSITY </script> </query> -->
</etl>